{"degreeValues": [30, 40, 50, 60, 70, 80, 90, 100, 110, 120, 130, 140, 150], "voltValues": [0.2971718196223776, 0.49586567910371215, 0.6716333240295072, 0.8423062546096247, 1.002789756498398, 1.1760100442513526, 1.3670618322141728, 1.5708504060411848, 1.7669969083496788, 1.9402171961026333, 2.151647841448156, 2.3426996294109763, 2.5439408460651514]}