{"degreeValues": [60, 65, 70, 75, 80, 85, 90, 95, 100, 105, 110, 115, 120], "voltValues": [1.2837133712767397, 1.441775677452064, 1.6202331199080717, 1.7859436021886523, 1.9236107720832933, 2.0995188225042156, 2.25758112867954, 2.443686747240804, 2.606847837486299, 2.7700089277317943, 2.935719410012375, 3.1014298922929555, 3.272239158643707]}