{"degreeValues": [0, 0.5, 1.0, 1.5, 2.0, 2.5, 3.0, 3.5, 4.0, 4.5, 5.0], "voltValues": [4.804423771730306, 4.37867530187097, 3.817809054152079, 3.2926342949243974, 2.775107711801965, 2.234636600363764, 1.6176837278729863, 1.2301761385399388, 0.6540135386105348, 0.0982460749618177, 0.08294972275130519]}