{"degreeValues": [0, 0.5, 1.0, 1.5, 2.0, 2.5, 3.0, 3.5, 4.0, 4.5, 5.0], "voltValues": [4.798351944026432, 4.518142655014298, 3.8863980761505665, 3.3820213559287247, 2.8470763496328253, 2.258636842707336, 1.7211444792385997, 1.1887468301155444, 0.727675181831934, 0.18508810401752385, 0.08319381710401785]}